NAME,CNT_HashtagUse
eventhustlers,115
tbt,100
ridetogetherdietogether,85
rtdt,85
partyforce,80
eventhustler,80
r2d2,75
ABC,75
fomo,70
doubledutchess,70
ddtour,65
amex,55
hashtag,50
twinning,45
saidonpartyforce,40
randallchant,40
jdsleepover,40
winning,40
hammers,40
fearless,35
nutella,35
dellworld,35
IDF14,35
awesome,30
art,30
2,30
emea,30
halloween,30
Jayonce,30
IMEX14,30
1,25
freeman,25
FS14,25
dreamforce,25
apparently,25
wcw,25
beyonce,25
BestPractice,25
blessed,25
randolunch,25
android,25
nht,25
takethedamnmarket,25
teamwork,25
coffee,25
Qbconnect,25
happyhour,20
BeRemarkable,20
elevatormageddon,20
onsitesupport,20
boomnuggets,20
evolution,20
offsite2014,20
orangeoctober,20
Iced,20
autodeskuniversity,20
thightanic,20
eventtech,20
squidsquad,20
3rdfloor,20
wow,20
awwyeaaah,20
dreamteam,20
priceless,15
analytics,15
fail,15
truth,15
mural,15
doubledutch,15
dduniversity,15
engagement,15
networkeffect,15
fbf,15
df14,15
7thfloor,15
winteriscoming,15
gamification,15
lowerhaighters,15
MPB2B,15
gameroom,15
brocade,15
hammer,15
rainpocalypse,15
thankful,15
jealous,15
funcommittee,15
letsdothis,15
17,15
wsjdlive,15
lilpriest,15
tinderforce,15
sternument,15
ridetogeatherdietogeather,15
dreamsdocometrue,15
likeaboss,15
  ,15
hustlers4life,15
8thfloor,15
3,15
bluesteel,15
betransparent,15
Drake,15
teamplay,15
linkedin,15
dad,15
AlwaysBeLearning,15
growth,15
proud,15
cantstopwontstop,15
yoloswag,15
hellya,15
Jeyonc,15
ios8,15
DDU,15
Hammertime,15
amiright,15
world-domination,15
stufflukassays,15
rory,15
ulinyc14,15
103114,15
excited,15
pineappleexpress,10
noassholesallowed,10
selfie,10
qa,10
firstworldproblems,10
surge,10
crushit,10
livecountdown,10
juiced,10
transparency,10
thefuture,10
Multitasking,10
praisebetothebeard,10
yahtzee,10
legend,10
geekingout,10
cashmoney,10
accountmanagement,10
ddlove,10
killinit,10
Keepdoubledutchweird,10
obsessed,10
teamplayer,10
flight14,10
Pepification,10
theandrews,10
murphyslaw,10
Christmas,10
chowda,10
norestforDD,10
engineering,10
nickytime,10
LCphotobomb,10
appchampion,10
famous,10
jeweltonepantday,10
woot,10
QuickenLoans,10
happyholloween,10
realtattoogangforlife,10
guilty,10
everywednesday,10
newrecord,10
ittakesavillage,10
proudmom,10
eibtm14,10
thatjcrewginghamshirt,10
tpsreports,10
tgif,10
youpeoplehadenough,10
hammerfortheday,10
DoubleDutchpower,10
stuffluciansays,10
firstonsitebestonsite,10
oneday,10
yesyesyes,10
hero,10
hellausers,10
latenightcoding,10
beastmode,10
ftw,10
Peace,10
onboarding,10
bestworkofmycareer,10
gimmesomemo,10
360feedback,10
CSRocks,10
fob,10
allhands,10
rockstars,10
quickmobile,10
evebthustler,10
Oscar,10
education,10
win,10
giants,10
marketo,10
sevendaysoffeedback,10
giftsfromhailey,10
material,10
torture101214,10
bookclub,10
notsorandom,10
getit,10
dedication,10
gametime,10
INBOUND14,10
home,10
whenyoureahammereverythinglookslikeanail,10
programmers,10
innovationroundtable,10
ibeacon,10
5thfloor,10
reportinglive,10
Amsterdam,10
emeainvadingsanfran,10
world,10
mondays,10
kaiju,10
neverforget,10
boardgameclub,10
hackday,10
tothe9s,10
BeCurious,10
legendsofthefall,10
awkward,10
remarkable,10
superstarrockstars,10
100EventsPerYear,10
recordbreakers,10
SDRprospecting,10
BeFearless,10
alwaysberecruiting,10
noassholes,10
csm,10
Sint,10
eventtechlive,10
fangirling,10
s,10
opshammers,10
ecommerce,10
